{
    "settings_title": "PANEL RODZICA",
    "save_btn": "ZAPISZ USTAWIENIA",
    "tab_limits": "Limity",
    "tab_stats": "Statystyki",
    "tab_config": "Konfiguracja",
    "tab_design": "Wygląd Zegara",
    "std_limits_title": "Domyślne limity tygodniowe",
    "cal_limits_title": "Kalendarz wyjątków i planowania",
    "assign_limit_text": "Podaj limit w minutach dla wybranych dni:",
    "confirm_delete_limit": "Czy usunąć specjalny limit dla dnia",
    "limits_saved": "Zapisano zmiany w limitach tygodniowych.",
    "min_label": "min",
    "day_0": "Poniedziałek",
    "day_1": "Wtorek",
    "day_2": "Środa",
    "day_3": "Czwartek",
    "day_4": "Piątek",
    "day_5": "Sobota",
    "day_6": "Niedziela",
    "day_short_0": "Pon",
    "day_short_1": "Wto",
    "day_short_2": "Śro",
    "day_short_3": "Czw",
    "day_short_4": "Pią",
    "day_short_5": "Sob",
    "day_short_6": "Nie",
    "pin_title": "Wprowadź kod PIN",
    "pin_error": "Błędny kod PIN!",
    "cal_tooltip_limit": "Limit: {m} min",
    "cal_tooltip_blocked": "Czas zablokowany",
    "lock_title": "CZAS MINĄŁ!",
    "lock_msg": "Wykorzystałeś limit dzienny. Masz 5 minut na zapisanie pracy i zamknięcie okien.",
    "lock_btn_hide": "UKRYJ (WRÓĆ DO GRY)",
    "lock_btn_add": "DODAJ CZAS (PIN)",
    "lock_btn_shutdown": "ZAMKNIJ SYSTEM",
    "lock_shutdown_msg": "Wyłączenie komputera za:",
    "lock_pin_title": "Autoryzacja (Podaj PIN)",
    "btn_cancel": "ANULUJ",
    "tab_main_settings": "Ustawienia główne",
    "set_current_time": "Aktualny limit czasu",
    "desc_current_time": "Ręczna korekta czasu. Zwiększenie odblokuje komputer na podaną liczbę minut.",
    "set_parent_pin": "PIN Rodzica",
    "desc_parent_pin": "Główny kod zabezpieczający. Wymagany do edycji i odblokowania.",
    "set_extra_time_pin": "Awaryjny bonus czasu (PIN)",
    "desc_extra_time_pin": "Liczba minut dodana po odblokowaniu awaryjnym przez rodzica.",
    "set_show_blue_btn": "Niebieski Przycisk (5 minut)",
    "desc_show_blue_btn": "Dziecko może jednorazowo kliknąć 'Ukryj', aby dostać 5 minut na zapisanie gry.",
    "set_autostart": "Autostart systemu",
    "desc_autostart": "Aplikacja włączy się automatycznie (w tle) podczas uruchamiania Windowsa.",
    "tab_website": "Aplikacja Mobilna",
    "website_title": "Telefon Rodzica - Pilot",
    "website_enable": "Włącz bezprzedowowego pilota dla rodzica",
    "website_friendly_enable": "Włącz bezprzewodowego pilota dla rodzica",
    "website_friendly_desc": "Umożliwia dodawanie czasu i pauzowanie z telefonu.",
    "website_address_label": "Wpisz ten adres w przeglądarce telefonu:",
    "website_instructions_title": "Jak to działa?",
    "website_step_1": "1. Otwórz Safari lub Chrome na telefonie.",
    "website_step_2": "2. Przepisz dokładnie niebieski adres powyżej.",
    "website_step_3": "3. Dodaj stronę do ekranu głównego (aby mieć z niej aplikację).",
    "website_step_4": "4. Gotowe! Pilot do komputera dziecka jest w Twoim telefonie.",
    
    "web_btn_add": "⏱️ +15 MIN",
    "web_btn_sub": "📉 -15 MIN",
    "web_btn_pause": "⏸️ ZAPAUZUJ ZEGAR",
    "web_btn_unpause": "▶️ WZNÓW ZEGAR",
    "web_btn_lock": "🔒 ZABLOKUJ KOMPUTER",
    "web_btn_shutdown": "⚡ WYŁĄCZ KOMPUTER",
    "web_status_active": "🟢 AKTYWNY",
    "web_status_paused": "🟠 PRZERWA",
    "web_status_locked": "🔴 ZABLOKOWANY",
    "web_vol_label": "🔊 Poziom głośności systemu",
    "web_sec_screen": "📡 Podgląd monitora (Live View):",
    "web_btn_stream": "▶",
    "web_tile_browsers": "🛡️ Blokada przeglądarek",
    "web_tile_roblox": "🎮 Roblox",
    "web_tile_minecraft": "⛏️ Minecraft",
    "web_tile_epic": "🔥 EpicGames",
    "web_sec_control": "KidGuard - panel sterowania:",
    "web_sec_blocks": "Zablokuj wybrane aplikacje:",

    "wizard_welcome": "Witaj w KidGuard",
    "wizard_desc": "Skonfiguruj podstawowe zabezpieczenia.",
    "wizard_lang": "Wybierz Język:",
    "wizard_lang_desc": "Język główny w aplikacji.",
    "wizard_pin": "Ustal nowy PIN Rodzica:",
    "wizard_pin_desc": "Cztery cyfry chroniące przed wyłączeniem blokady.",
    "wizard_autostart": "Startuj w tle z systemem Windows",
    "wizard_autostart_desc": "Bez tego dziecko może włączyć komputer bez ograniczeń.",
    "wizard_btn_start": "ZAKOŃCZ I URUCHOM",
    "wizard_pin_error_title": "Błąd PIN",
    "wizard_pin_error_msg": "PIN musi mieć co najmniej 4 cyfry.",
    "set_language": "Język interfejsu",
    "desc_language": "Wybierz główny język aplikacji.",
    "stats_premium_title": "KIDGUARD PREMIUM",
    "stats_premium_desc": "Zaawansowana analityka i personalizacja licznika wymagają subskrypcji Premium.",
    "stats_btn_patreon": "ODBLOKUJ PREMIUM",
    "stats_step_1": "1. Kliknij przycisk poniżej, aby przejść na profil Patreon.",
    "stats_step_2": "2. Wybierz próg wsparcia odblokowujący wersję Premium.",
    "stats_step_3": "3. Uruchom aplikację ponownie po aktywacji.",
    "stats_filter_today": "Dziś",
    "stats_filter_yesterday": "Wczoraj",
    "stats_filter_week": "Ostatnie 7 Dni",
    "stats_filter_month": "Ostatnie 30 Dni",
    "stats_filter_year": "Ostatni Rok",
    "stats_filter_all": "Wszystko",
    "stats_sum_week": "Suma z Tygodnia",
    "stats_sum_month": "Suma z Miesiąca",
    "stats_summary_period": "CAŁKOWITY CZAS",
    "stats_chart_days": "WYKRES UŻYCIA",
    "stats_chart_hours": "MAPA AKTYWNOŚCI DOBOWEJ",
    "stats_btn_pdf": "Eksport PDF",
    "stats_extra_1": "⌛ Długie sesje (>3h)",
    "stats_extra_2": "⭐ Ulubiony Dzień Tyg.",
    "stats_extra_3": "🎉 Proporcja Weekendu",
    "stats_extra_4": "☕ Średni czas na dzień",
    "stats_extra_5": "📈 Trend",
    "stats_extra_6": "📚 Aktywność w bazie",
    "limits_btn_set": "Zapisz Limit",
    "limits_btn_block": "Zablokuj Dzień",
    "limits_btn_delete": "Cofnij (Usuń)",
    "error_title": "Błąd",
    "ui_theme_toggle": "Motyw Ciemny",
    "design_title": "PERSONALIZACJA ZEGARA",
    "design_desc": "Dostosuj wygląd małego paska czasu do swoich potrzeb. Zmiany są widoczne natychmiast.",
    "design_pos": "Pozycja na ekranie (Lewo / Prawo)",
    "design_alpha": "Przezroczystość tła",
    "design_scale": "Wielkość Licznika (Skala)",
    "design_font": "Czcionka Cyfr",
    "design_bg": "Własny obrazek w tle (JPG/PNG)",
    "design_bg_color": "Własny kolor tła (Gdy brak obrazka)",
    "btn_browse": "Wybierz Obraz",
    "btn_clear_bg": "Usuń Obrazek",
    "btn_pick_color": "Wybierz Kolor",
    "btn_restore_defaults": "Ustawienia domyślne",
    "crop_title": "Kadrowanie Tła",
    "crop_btn_save": "Zapisz i Zastosuj",
    "ui_pause": "PRZERWA",
    "ui_pause_small": "PAUZA",
    "ui_warning": "Wyłączenie komputera za:"
}