{
    "settings_title": "PARENT PANEL",
    "save_btn": "SAVE SETTINGS",
    "tab_limits": "Limits",
    "tab_stats": "Statistics",
    "tab_config": "Configuration",
    "tab_design": "Clock Appearance",

    "std_limits_title": "Default Weekly Limits",
    "cal_limits_title": "Exception Calendar & Scheduling",
    "assign_limit_text": "Enter the limit in minutes for selected days:",
    "confirm_delete_limit": "Remove the special limit for",
    "limits_saved": "Weekly limits have been saved.",
    "min_label": "min",

    "day_0": "Monday",
    "day_1": "Tuesday",
    "day_2": "Wednesday",
    "day_3": "Thursday",
    "day_4": "Friday",
    "day_5": "Saturday",
    "day_6": "Sunday",

    "day_short_0": "Mon",
    "day_short_1": "Tue",
    "day_short_2": "Wed",
    "day_short_3": "Thu",
    "day_short_4": "Fri",
    "day_short_5": "Sat",
    "day_short_6": "Sun",

    "pin_title": "Enter PIN Code",
    "pin_error": "Incorrect PIN!",
    "cal_tooltip_limit": "Limit: {m} min",
    "cal_tooltip_blocked": "Blocked Time",

    "lock_title": "TIME IS UP!",
    "lock_msg": "You have used your daily limit. You have 5 minutes to save your work and close applications.",
    "lock_btn_hide": "HIDE (RETURN TO GAME)",
    "lock_btn_add": "ADD TIME (PIN)",
    "lock_btn_shutdown": "SHUT DOWN SYSTEM",
    "lock_shutdown_msg": "System shutdown in:",
    "lock_pin_title": "Authorization (Enter PIN)",

    "btn_cancel": "CANCEL",

    "tab_main_settings": "Main Settings",
    "set_current_time": "Current Time Limit",
    "desc_current_time": "Manual time adjustment. Increasing will unlock the computer for the given number of minutes.",
    "set_parent_pin": "Parent PIN",
    "desc_parent_pin": "Main security code. Required for editing and unlocking.",
    "set_extra_time_pin": "Emergency Time Bonus (PIN)",
    "desc_extra_time_pin": "Number of minutes added after emergency unlock by the parent.",
    "set_show_blue_btn": "Blue Button (5 minutes)",
    "desc_show_blue_btn": "The child can click 'Hide' once to get 5 minutes to save the game.",
    "set_autostart": "System Autostart",
    "desc_autostart": "The application will automatically start (in the background) when Windows boots.",

    "tab_website": "Mobile App",
    "website_title": "Parent Phone – Remote Control",
    "website_enable": "Enable wireless parent remote",
    "website_friendly_enable": "Enable wireless parent remote",
    "website_friendly_desc": "Allows adding time and pausing from the phone.",
    "website_address_label": "Enter this address in your phone’s browser:",
    "website_instructions_title": "How does it work?",
    "website_step_1": "1. Open Safari or Chrome on your phone.",
    "website_step_2": "2. Type the blue address above exactly.",
    "website_step_3": "3. Add the page to your home screen (to use it like an app).",
    "website_step_4": "4. Done! The child’s computer remote is now on your phone.",

    "web_btn_add": "⏱️ +15 MIN",
    "web_btn_sub": "📉 -15 MIN",
    "web_btn_pause": "⏸️ PAUSE TIMER",
    "web_btn_unpause": "▶️ RESUME TIMER",
    "web_btn_lock": "🔒 LOCK COMPUTER",
    "web_btn_shutdown": "⚡ SHUT DOWN COMPUTER",

    "web_status_active": "🟢 ACTIVE",
    "web_status_paused": "🟠 PAUSED",
    "web_status_locked": "🔴 LOCKED",
    "web_status_left": "TIME LEFT",
    "web_status_grace": "BONUS TIME",

    "web_vol_label": "🔊 System Volume Level",
    "web_sec_screen": "📡 Monitor Preview (Live View):",
    "web_btn_stream": "▶",
    "web_tile_browsers": "🛡️ Browser Block",
    "web_tile_roblox": "🎮 Roblox",
    "web_tile_minecraft": "⛏️ Minecraft",
    "web_tile_epic": "🔥 EpicGames",
    "web_sec_control": "KidGuard – Control Panel:",
    "web_sec_blocks": "Block Selected Apps:",

    "web_pin_prompt": "Enter PIN:",
    "web_pin_error": "Incorrect PIN!",

    "notif_added_time": "Added {m} minutes.",

    "wizard_welcome": "Welcome to KidGuard",
    "wizard_desc": "Configure basic protection settings.",
    "wizard_lang": "Choose Language:",
    "wizard_lang_desc": "Main application language.",
    "wizard_pin": "Set a new Parent PIN:",
    "wizard_pin_desc": "Four digits protecting against disabling the lock.",
    "wizard_autostart": "Start in background with Windows",
    "wizard_autostart_desc": "Without this, the child can use the computer without limits.",
    "wizard_btn_start": "FINISH AND START",
    "wizard_pin_error_title": "PIN Error",
    "wizard_pin_error_msg": "PIN must contain at least 4 digits.",

    "set_language": "Interface Language",
    "desc_language": "Choose the main application language.",

    "stats_premium_title": "KIDGUARD PREMIUM",
    "stats_premium_desc": "Advanced analytics and counter customization require a Premium subscription.",
    "stats_btn_patreon": "UNLOCK PREMIUM",
    "stats_step_1": "1. Click the button below to open the Patreon profile.",
    "stats_step_2": "2. Choose a support tier that unlocks Premium.",
    "stats_step_3": "3. Restart the application after activation.",

    "stats_filter_today": "Today",
    "stats_filter_yesterday": "Yesterday",
    "stats_filter_week": "Last 7 Days",
    "stats_filter_month": "Last 30 Days",
    "stats_filter_year": "Last Year",
    "stats_filter_all": "All",

    "stats_sum_week": "Weekly Total",
    "stats_sum_month": "Monthly Total",
    "stats_summary_period": "TOTAL TIME",
    "stats_chart_days": "USAGE CHART",
    "stats_chart_hours": "DAILY ACTIVITY MAP",
    "stats_btn_pdf": "Export PDF",

    "stats_extra_1": "⌛ Long Sessions (>3h)",
    "stats_extra_2": "⭐ Favorite Day of Week",
    "stats_extra_3": "🎉 Weekend Ratio",
    "stats_extra_4": "☕ Average Time per Day",
    "stats_extra_5": "📈 Trend",
    "stats_extra_6": "📚 Activity in Database",

    "limits_btn_set": "Save Limit",
    "limits_btn_block": "Block Day",
    "limits_btn_delete": "Undo (Remove)",

    "error_title": "Error",
    "ui_theme_toggle": "Dark Theme",

    "design_title": "CLOCK CUSTOMIZATION",
    "design_desc": "Adjust the appearance of the small time bar. Changes are applied instantly.",
    "design_pos": "Screen Position (Left / Right)",
    "design_alpha": "Background Transparency",
    "design_scale": "Counter Size (Scale)",
    "design_font": "Digit Font",
    "design_bg": "Custom Background Image (JPG/PNG)",
    "design_bg_color": "Custom Background Color (When no image)",
    "btn_browse": "Choose Image",
    "btn_clear_bg": "Remove Image",
    "btn_pick_color": "Pick Color",
    "btn_restore_defaults": "Restore Defaults",

    "crop_title": "Crop Background",
    "crop_btn_save": "Save and Apply",

    "ui_pause": "PAUSE",
    "ui_pause_small": "PAUSE",
    "ui_warning": "System shutdown in:",

    "upd_title": "KidGuard Updater",
    "upd_downloading": "Downloading update...",
    "upd_version_info": "Version {v} is being downloaded. Please wait.",
    "upd_extracting": "Extracting...",
    "upd_unpacking": "Unpacking and installing new files...",
    "upd_installing": "Installing...",
    "upd_restarting": "Restarting application...",

    "tab_about": "About",
    "tab_about_desc": "KidGuard – Advanced parental control system.\nThe application is automatically updated to the latest version."
}
